<?xml version="1.0"?>
<fsm xmlns:xsi="http://www.w3.org/1999/XMLSchema-instance" xmlns:xsd="http://www.w3.org/1999/XMLSchema" state_count="3">
  <state name="a" is_start="true" is_final="false" production_count="2">
    <production token="x" state="b"/>
    <production token="y" state="c"/>
  </state>
  <state name="b" is_start="false" is_final="false" production_count="2">
    <production token="x" state="c"/>
    <production token="y" state="a"/>
  </state>
  <state name="c" is_start="false" is_final="true" production_count="2">
    <production token="x" state="c"/>
    <production token="y" state="c"/>
  </state>
</fsm>